title,score,url,date,author
Jet Set Radio Review (iOS),5.6,/articles/2012/12/13/jet-set-radio-review-ios,2012-12-13T00:14:30.000Z,Vincent Ingenito
Bookworm DSi Review,8.0,/articles/2009/12/01/bookworm-dsi-review,2009-12-01T19:35:00.000Z,Daemon Hatfield
Super Mario Bros. 3 Review,9.5,/articles/2007/11/13/super-mario-bros-3-review,2007-11-13T01:55:00.000Z,Lucas M. Thomas
Over the Hedge: Hammy Goes Nuts Review [GBA],6.5,/articles/2007/01/11/over-the-hedge-hammy-goes-nuts-review-gba,2007-01-11T08:24:40.000Z,Jack DeVries
Happy Feet Review,4.5,/articles/2006/12/11/happy-feet-4,2006-12-11T22:17:00.000Z,Matt Casamassina
Tom and Jerry Tales Review [GBA],4.5,/articles/2006/11/15/tom-and-jerry-tales-review,2006-11-15T00:43:00.000Z,Jack DeVries
Nicktoons: Battle for Volcano Island Review [GBA],7.0,/articles/2006/11/15/nicktoons-battle-for-volcano-island-review,2006-11-15T00:34:00.000Z,Jack DeVries
Scurge: Hive Review,8.0,/articles/2006/10/28/scurge-hive-review,2006-10-28T00:36:00.000Z,Jack DeVries
Naruto: Ninja Council,6.5,/articles/2006/05/02/naruto-ninja-council,2006-05-02T23:39:00.000Z,Mark Bozon
Ice Age 2: The Meltdown,5.0,/articles/2006/04/14/ice-age-2-the-meltdown-2,2006-04-14T22:40:00.000Z,Mark Bozon
Ice Age 2: The Meltdown,5.0,/articles/2006/04/14/ice-age-2-the-meltdown-2,2006-04-14T22:40:00.000Z,Mark Bozon
Tales of Phantasia,7.5,/articles/2006/02/28/tales-of-phantasia,2006-02-28T18:05:00.000Z,Mark Bozon
Drill Dozer Review,8.0,/articles/2006/02/04/drill-dozer-review,2006-02-04T02:12:00.000Z,Mark
Danny Phantom: The Ultimate Enemy Review,7.5,/articles/2006/01/24/danny-phantom-the-ultimate-enemy-review,2006-01-24T03:47:00.000Z,Mark Bozon
Power Rangers SPD Review,4.0,/articles/2006/01/18/power-rangers-spd-review,2006-01-18T01:39:00.000Z,Mark Bozon
Chicken Little Review,7.8,/articles/2006/01/13/chicken-little-review,2006-01-13T01:20:00.000Z,Mark Bozon
Final Fantasy IV Advance,8.6,/articles/2005/12/15/final-fantasy-iv-advance,2005-12-15T02:30:00.000Z,Jeremy Dunham
Mario Tennis Power Tour,9.0,/articles/2005/12/09/mario-tennis-power-tour,2005-12-09T21:00:00.000Z,Craig Harris
Dr. Mario/Puzzle League,7.8,/articles/2005/11/28/dr-mariopuzzle-league,2005-11-28T23:22:00.000Z,Craig Harris
Harry Potter and the Goblet of Fire Review [GBA],7.4,/articles/2005/11/23/harry-potter-and-the-goblet-of-fire-review-gba,2005-11-23T06:28:23.000Z,Mark Bozon
Teen Titans,5.5,/articles/2005/11/17/teen-titans-2,2005-11-17T22:52:00.000Z,Mark Bozon
Donkey Kong Country 3,7.5,/articles/2005/11/08/donkey-kong-country-3,2005-11-08T21:50:00.000Z,Craig Harris
The Nightmare Before Christmas: The Pumpkin King,6.5,/articles/2005/11/01/the-nightmare-before-christmas-the-pumpkin-king,2005-11-01T01:30:00.000Z,Craig Harris
World Poker Tour,7.0,/articles/2005/10/25/world-poker-tour-4,2005-10-25T01:03:00.000Z,Ivan Sulic
DK: King of Swing,7.8,/articles/2005/09/17/dk-king-of-swing,2005-09-17T00:57:00.000Z,Craig Harris
Marble Madness/Klax,4.5,/articles/2005/09/14/marble-madnessklax,2005-09-14T19:33:00.000Z,Craig Harris
Gauntlet/Rampart,4.0,/articles/2005/09/14/gauntletrampart,2005-09-14T19:33:00.000Z,Craig Harris
Rebelstar Tactical Command,7.7,/articles/2005/09/09/rebelstar-tactical-command,2005-09-09T00:24:00.000Z,Tal Blevins
Dynasty Warrior Advance,4.0,/articles/2005/08/29/dynasty-warrior-advance,2005-08-29T20:59:00.000Z,Craig Harris
Dynasty Warrior Advance,4.0,/articles/2005/08/29/dynasty-warrior-advance,2005-08-29T20:59:00.000Z,Craig Harris
Paperboy/Rampage,4.0,/articles/2005/08/24/paperboyrampage,2005-08-24T23:28:00.000Z,Craig Harris
Harvest Moon: More Friends of Mineral Town,8.5,/articles/2005/08/16/harvest-moon-more-friends-of-mineral-town,2005-08-16T00:10:00.000Z,Craig Harris
Madden NFL 06,7.8,/articles/2005/08/12/madden-nfl-06-6,2005-08-12T23:42:00.000Z,Craig Harris
Shaman King: Master of Spirits 2,8.0,/articles/2005/08/05/shaman-king-master-of-spirits-2,2005-08-05T23:40:00.000Z,Craig Harris
Fantastic 4,5.0,/articles/2005/07/18/fantastic-4,2005-07-18T23:40:00.000Z,Craig Harris
Mega Man Battle Network 5: Team Protoman,6.5,/articles/2005/06/27/mega-man-battle-network-5-team-protoman,2005-06-27T23:14:00.000Z,Craig Harris
Mega Man Battle Network 5: Team Protoman,6.5,/articles/2005/06/27/mega-man-battle-network-5-team-protoman,2005-06-27T23:14:00.000Z,Craig Harris
Star Wars Episode III: Revenge of the Sith,7.0,/articles/2005/05/10/star-wars-episode-iii-revenge-of-the-sith-4,2005-05-10T22:25:00.000Z,Craig Harris
Rayman: Hoodlum's Revenge,6.5,/articles/2005/04/29/rayman-hoodlums-revenge,2005-04-29T18:36:00.000Z,Craig Harris
Hugo: The Evil Mirror,6.5,/articles/2005/04/13/hugo-the-evil-mirror,2005-04-13T23:48:00.000Z,Craig Harris
Blades of Thunder,3.5,/articles/2005/03/29/blades-of-thunder,2005-03-29T01:01:00.000Z,Craig Harris
Rave Master: Special Attack Force!,3.5,/articles/2005/03/22/rave-master-special-attack-force,2005-03-22T01:08:00.000Z,Craig Harris
Ace Combat Advance,4.5,/articles/2005/03/19/ace-combat-advance,2005-03-19T01:44:00.000Z,Craig Harris
A Sound of Thunder,7.5,/articles/2005/03/02/a-sound-of-thunder-2,2005-03-02T01:54:00.000Z,Craig Harris
Shaman King: Legacy of the Spirits Sprinting Wolf Version,6.5,/articles/2005/02/17/shaman-king-legacy-of-the-spirits-sprinting-wolf-version,2005-02-17T01:01:00.000Z,Dave Clayman
Shaman King: Legacy of the Spirits Soaring Hawk Version,6.0,/articles/2005/02/17/shaman-king-legacy-of-the-spirits-soaring-hawk-version,2005-02-17T00:45:00.000Z,Dave Clayman
Hot Wheels Stunt Track Challenge [GBA],5.5,/articles/2005/02/15/hot-wheels-stunt-track-challenge,2005-02-15T00:41:00.000Z,"Mark Bozon, Contributor"
Duel Masters: Kaijudo Showdown,7.5,/articles/2004/12/03/duel-masters-kaijudo-showdown,2004-12-03T01:55:00.000Z,David Clayman
Final Fantasy I & II: Dawn of Souls,8.5,/articles/2004/11/30/final-fantasy-i-ii-dawn-of-souls,2004-11-30T11:30:00.000Z,Jeremy Dunham
Yu-Gi-Oh: Destiny Board Traveler,3.5,/articles/2004/11/12/yu-gi-oh-destiny-board-traveler,2004-11-12T02:44:00.000Z,IGN Staff
Lord of the Rings: The Third Age,6.0,/articles/2004/11/03/lord-of-the-rings-the-third-age,2004-11-03T00:17:00.000Z,Craig Harris
Tron 2.0: Killer App,7.8,/articles/2004/10/28/tron-20-killer-app-2,2004-10-28T20:45:00.000Z,Craig Harris
Zelda II: The Adventure of Link,7.0,/articles/2004/10/26/zelda-ii-the-adventure-of-link,2004-10-26T23:34:00.000Z,Craig Harris
Dr. Mario,7.0,/articles/2004/10/26/dr-mario,2004-10-26T23:34:00.000Z,Craig Harris
Castlevania (Classic NES Series) Review,8.0,/articles/2004/10/26/castlevania,2004-10-26T23:34:00.000Z,Craig Harris
Metroid,6.0,/articles/2004/10/26/metroid,2004-10-26T22:21:00.000Z,Craig Harris
Grand Theft Auto,8.5,/articles/2004/10/26/grand-theft-auto,2004-10-26T17:55:00.000Z,Craig Harris
WWE Survivor Series,6.0,/articles/2004/10/26/wwe-survivor-series,2004-10-26T00:10:00.000Z,Craig Harris
Tony Hawk's Underground 2,6.5,/articles/2004/10/22/tony-hawks-underground-2-2,2004-10-22T00:06:00.000Z,Craig Harris
Disney's Aladdin,6.5,/articles/2004/10/06/disneys-aladdin-2,2004-10-06T00:09:00.000Z,Craig Harris
Mario Pinball Land,5.0,/articles/2004/10/04/mario-pinball-land,2004-10-04T21:41:00.000Z,Craig Harris
kill.switch,7.5,/articles/2004/10/01/killswitch-2,2004-10-01T21:10:00.000Z,Craig Harris
Bubble Bobble: Old & New,7.0,/articles/2004/10/01/bubble-bobble-old-new,2004-10-01T20:04:00.000Z,Craig Harris
Dragon Ball Z: Buu's Fury,6.5,/articles/2004/09/22/dragon-ball-z-buus-fury,2004-09-22T01:10:00.000Z,Craig Harris
F-Zero GP Legend,8.0,/articles/2004/09/21/f-zero-gp-legend,2004-09-21T00:17:00.000Z,Craig Harris
Advance Guardian Heroes,6.0,/articles/2004/09/15/advance-guardian-heroes,2004-09-15T01:08:00.000Z,Craig Harris
Advance Guardian Heroes,6.0,/articles/2004/09/15/advance-guardian-heroes,2004-09-15T01:08:00.000Z,Craig Harris
Digimon Racing,7.0,/articles/2004/09/07/digimon-racing,2004-09-07T22:25:00.000Z,Craig Harris
Pokemon LeafGreen Version,9.0,/articles/2004/09/03/pokemon-leafgreen-version,2004-09-03T20:26:00.000Z,Craig Harris
Pokemon FireRed Version,9.0,/articles/2004/09/03/pokemon-firered-version,2004-09-03T20:24:00.000Z,Craig Harris
Duel Masters: Sempai Legends,8.0,/articles/2004/08/27/duel-masters-sempai-legends,2004-08-27T19:19:00.000Z,Dave Clayman
Mega Man Battle Network 4: Red Sun,6.5,/articles/2004/08/20/mega-man-battle-network-4-red-sun,2004-08-20T01:26:00.000Z,Craig Harris
Mega Man Battle Network 4: Blue Moon,6.5,/articles/2004/08/19/mega-man-battle-network-4-blue-moon,2004-08-19T23:34:00.000Z,Craig Harris
Madden NFL 2005,8.0,/articles/2004/08/18/madden-nfl-2005-4,2004-08-18T00:14:00.000Z,Craig Harris
Astro Boy: Omega Factor,8.8,/articles/2004/08/17/astro-boy-omega-factor,2004-08-17T00:56:00.000Z,Craig Harris
Yu-Gi-Oh!: Reshef of Destruction,5.5,/articles/2004/08/12/yu-gi-oh-reshef-of-destruction,2004-08-12T01:03:00.000Z,IGN Staff
Thunderbirds,5.0,/articles/2004/08/10/thunderbirds,2004-08-10T23:20:00.000Z,Craig Harris
Kim Possible 2: Drakken's Demise,8.5,/articles/2004/08/05/kim-possible-2-drakkens-demise,2004-08-05T23:46:00.000Z,Nix
Sitting Ducks,3.0,/articles/2004/08/05/sitting-ducks,2004-08-05T00:19:00.000Z,Craig Harris
Catwoman,6.5,/articles/2004/08/03/catwoman-2,2004-08-03T21:15:00.000Z,Craig Harris
CT Special Forces 2: Back in the Trenches,7.0,/articles/2004/08/01/ct-special-forces-2-back-in-the-trenches,2004-08-01T23:05:00.000Z,Craig Harris
Hamtaro: Ham-Ham Games,8.0,/articles/2004/07/27/hamtaro-ham-ham-games,2004-07-27T00:30:00.000Z,Craig Harris
Spider-Man 2,6.5,/articles/2004/07/19/spider-man-2-5,2004-07-19T22:33:00.000Z,Craig Harris
Around the World in 80 Days,3.5,/articles/2004/07/09/around-the-world-in-80-days-2,2004-07-09T01:35:00.000Z,Nix
XS Moto,2.5,/articles/2004/06/25/xs-moto,2004-06-25T00:14:00.000Z,Craig Harris
Dragon Ball Z: Supersonic Warriors,7.5,/articles/2004/06/23/dragon-ball-z-supersonic-warriors,2004-06-23T01:22:00.000Z,Craig Harris
Thunder Alley,2.0,/articles/2004/06/21/thunder-alley,2004-06-21T23:40:00.000Z,Craig Harris
Mighty Beanz: Pocket Puzzles,3.0,/articles/2004/06/18/mighty-beanz-pocket-puzzles,2004-06-18T00:35:00.000Z,IGN Staff
Harry Potter and the Prisoner of Azkaban,6.5,/articles/2004/06/17/harry-potter-and-the-prisoner-of-azkaban-7,2004-06-17T00:07:00.000Z,Craig Harris
Super Collapse II,6.0,/articles/2004/06/16/super-collapse-ii-2,2004-06-16T00:14:00.000Z,Craig Harris
Bookworm,6.0,/articles/2004/06/16/bookworm,2004-06-16T00:05:00.000Z,Craig Harris
Shining Force: Resurrection of the Dark Dragon,7.8,/articles/2004/06/14/shining-force-resurrection-of-the-dark-dragon,2004-06-14T23:49:00.000Z,David Clayman
Mario Golf: Advance Tour,9.5,/articles/2004/06/11/mario-golf-advance-tour-2,2004-06-11T21:53:00.000Z,Craig Harris
Sabre Wulf,8.0,/articles/2004/06/07/sabre-wulf-3,2004-06-07T23:02:00.000Z,Craig Harris
Classic NES Series: Donkey Kong,6.0,/articles/2004/06/05/classic-nes-series-donkey-kong,2004-06-05T00:52:00.000Z,Craig Harris
Classic NES Series: The Legend of Zelda,8.0,/articles/2004/06/05/classic-nes-series-the-legend-of-zelda,2004-06-05T00:35:00.000Z,Craig Harris
Classic NES Series: Super Mario Bros.,8.0,/articles/2004/06/05/classic-nes-series-super-mario-bros,2004-06-05T00:33:00.000Z,Craig Harris
Classic NES Series: Xevious,6.0,/articles/2004/06/04/classic-nes-series-xevious,2004-06-04T23:37:00.000Z,Craig Harris
Classic NES Series: Bomberman,4.0,/articles/2004/06/04/classic-nes-series-bomberman,2004-06-04T23:37:00.000Z,Craig Harris
Classic NES Series: Ice Climber,7.0,/articles/2004/06/04/classic-nes-series-ice-climber,2004-06-04T23:22:00.000Z,Craig Harris
Classic NES Series: Pac-Man,5.0,/articles/2004/06/04/classic-nes-series-pac-man,2004-06-04T22:44:00.000Z,Craig Harris
Classic NES Series: Excitebike,7.0,/articles/2004/06/04/classic-nes-series-excitebike,2004-06-04T22:44:00.000Z,Craig Harris
Famicom Mini: Balloon Fight,6.0,/articles/2004/06/04/famicom-mini-balloon-fight,2004-06-04T00:12:00.000Z,IGN Staff
Famicom Mini: Clu Clu Land,4.0,/articles/2004/06/04/famicom-mini-clu-clu-land,2004-06-04T00:04:00.000Z,IGN Staff
Famicom Mini: Mario Bros.,4.0,/articles/2004/06/03/famicom-mini-mario-bros,2004-06-03T23:27:00.000Z,Craig Harris
Spyro Orange: The Cortex Conspiracy,7.0,/articles/2004/06/02/spyro-orange-the-cortex-conspiracy,2004-06-02T20:26:00.000Z,Craig Harris
Crash Bandicoot Purple: Ripto's Rampage,7.0,/articles/2004/06/01/crash-bandicoot-purple-riptos-rampage,2004-06-01T22:16:00.000Z,Craig Harris
Ultimate Card Games,9.5,/articles/2004/05/28/ultimate-card-games-2,2004-05-28T22:16:00.000Z,Craig Harris
Sonic Advance 3,9.0,/articles/2004/05/27/sonic-advance-3,2004-05-27T23:57:00.000Z,Craig Harris
Van Helsing,2.5,/articles/2004/05/26/van-helsing-2,2004-05-26T23:04:00.000Z,IGN Staff
River City Ransom EX,7.8,/articles/2004/05/26/river-city-ransom-ex-2,2004-05-26T01:24:00.000Z,Nix
Terminator 3: Rise of the Machines GBA Review,6.5,/articles/2004/05/07/terminator-3-rise-of-the-machines-7,2004-05-07T23:14:00.000Z,Adam Tierney
Shrek 2 Game Boy Advance Review,7.9,/articles/2004/05/04/shrek-2-8,2004-05-04T23:07:00.000Z,Craig Harris
Shrek 2 Game Boy Advance Review,7.9,/articles/2004/05/04/shrek-2-8,2004-05-04T23:07:00.000Z,Craig Harris
Yu Yu Hakusho: Spirit Detective,3.0,/articles/2004/05/04/yu-yu-hakusho-spirit-detective,2004-05-04T23:04:00.000Z,Adam Tierney
Ten Pin Alley 2,4.0,/articles/2004/04/29/ten-pin-alley-2,2004-04-29T01:02:00.000Z,Craig Harris
Serious Sam,5.0,/articles/2004/04/27/serious-sam-4,2004-04-27T22:48:00.000Z,Craig Harris
Shining Soul II,7.5,/articles/2004/04/26/shining-soul-ii-3,2004-04-26T22:41:00.000Z,Craig Harris
Street Jam Basketball,3.5,/articles/2004/04/05/street-jam-basketball,2004-04-05T23:41:00.000Z,Craig Harris
R-Type III,4.5,/articles/2004/04/03/r-type-iii,2004-04-03T02:16:00.000Z,Craig Harris
Splinter Cell: Pandora Tomorrow,7.0,/articles/2004/04/01/splinter-cell-pandora-tomorrow-9,2004-04-01T23:11:00.000Z,Craig Harris
Need for Speed: Porsche Unleashed,6.0,/articles/2004/03/29/need-for-speed-porsche-unleashed-5,2004-03-29T23:12:00.000Z,Craig Harris
Wade Hixton's Counter Punch,8.0,/articles/2004/03/23/wade-hixtons-counter-punch-2,2004-03-23T23:54:00.000Z,Craig Harris
Famicom Mini: Star Soldier,4.0,/articles/2004/03/20/famicom-mini-star-soldier,2004-03-20T00:37:00.000Z,Craig Harris
Famicom Mini: Mappy,7.0,/articles/2004/03/18/famicom-mini-mappy,2004-03-18T23:44:00.000Z,Craig Harris
Mission Impossible: Operation Surma,3.5,/articles/2004/03/12/mission-impossible-operation-surma-6,2004-03-12T01:36:00.000Z,Craig Harris
Mega Man Battle Chip Challenge,4.0,/articles/2004/03/02/mega-man-battle-chip-challenge-2,2004-03-02T21:00:00.000Z,IGN Staff
King of Fighters EX 2: Howling Blood,8.0,/articles/2004/02/24/king-of-fighters-ex-2-howling-blood,2004-02-24T00:42:00.000Z,Craig Harris
Pitfall: The Lost Expedition,7.0,/articles/2004/02/19/pitfall-the-lost-expedition-8,2004-02-19T01:32:00.000Z,Craig Harris
Metroid: Zero Mission,9.0,/articles/2004/02/06/metroid-zero-mission-2,2004-02-06T08:25:00.000Z,Craig Harris
Need for Speed Underground,7.9,/articles/2004/02/03/need-for-speed-underground-20,2004-02-03T00:03:00.000Z,Craig Harris
Baldur's Gate: Dark Alliance,8.0,/articles/2004/01/30/baldurs-gate-dark-alliance-9,2004-01-30T01:51:00.000Z,Craig Harris
Ultimate Winter Games,6.0,/articles/2004/01/28/ultimate-winter-games-3,2004-01-28T22:39:00.000Z,Craig Harris
Ozzy & Drix,3.5,/articles/2004/01/15/ozzy-drix,2004-01-15T22:53:00.000Z,Craig Harris
CT Special Forces,6.0,/articles/2004/01/15/ct-special-forces-2,2004-01-15T01:20:00.000Z,Craig Harris
Sonic Battle,8.0,/articles/2004/01/13/sonic-battle-3,2004-01-13T23:51:00.000Z,Craig Harris
Max Payne,9.0,/articles/2003/12/18/max-payne,2003-12-18T22:19:00.000Z,Craig Harris
SimCity 2000 GBA Review,6.5,/articles/2003/12/16/simcity-2000,2003-12-16T23:29:00.000Z,Craig Harris
Dragon Ball Z: Taiketsu,4.0,/articles/2003/12/13/dragon-ball-z-taiketsu,2003-12-13T00:54:00.000Z,Craig Harris
Dragon Ball Z: Taiketsu,4.0,/articles/2003/12/13/dragon-ball-z-taiketsu,2003-12-13T00:54:00.000Z,Craig Harris
Activision Anthology,8.5,/articles/2003/12/11/activision-anthology,2003-12-11T23:55:00.000Z,Craig Harris
Activision Anthology,8.5,/articles/2003/12/11/activision-anthology,2003-12-11T23:55:00.000Z,Craig Harris
Activision Anthology,8.5,/articles/2003/12/11/activision-anthology,2003-12-11T23:55:00.000Z,Craig Harris
Mucha Lucha: Mascaritas of the Lost Code,2.0,/articles/2003/12/11/mucha-lucha-mascaritas-of-the-lost-code,2003-12-11T01:17:00.000Z,Craig Harris
Yu-Gi-Oh: The Sacred Cards,5.0,/articles/2003/12/08/yu-gi-oh-the-sacred-cards,2003-12-08T22:49:00.000Z,Craig Harris
Star Wars: Flight of the Falcon,4.0,/articles/2003/12/08/star-wars-flight-of-the-falcon,2003-12-08T21:58:00.000Z,Craig Harris
Cima: The Enemy,6.0,/articles/2003/12/06/cima-the-enemy,2003-12-06T01:07:00.000Z,Craig Harris
007: Everything or Nothing,8.0,/articles/2003/12/05/007-everything-or-nothing,2003-12-05T00:54:00.000Z,Craig Harris
Gem Smashers,8.0,/articles/2003/12/04/gem-smashers,2003-12-04T00:43:00.000Z,Adam Tierney
Looney Tunes: Back in Action,4.5,/articles/2003/12/04/looney-tunes-back-in-action,2003-12-04T00:28:00.000Z,Craig Harris
Sword of Mana,7.0,/articles/2003/12/03/sword-of-mana,2003-12-03T01:06:00.000Z,Craig Harris
The Hobbit,6.5,/articles/2003/12/02/the-hobbit,2003-12-02T22:03:00.000Z,Adam Tierney
The Sims: Bustin' Out,8.0,/articles/2003/12/02/the-sims-bustin-out-4,2003-12-02T01:23:00.000Z,Craig Harris
Dr. Seuss' The Cat in the Hat,4.0,/articles/2003/12/02/dr-seuss-the-cat-in-the-hat,2003-12-02T00:02:00.000Z,Adam Tierney
SSX 3,4.5,/articles/2003/11/25/ssx-3,2003-11-25T21:48:00.000Z,Craig Harris
Harvest Moon: Friends of Mineral Town,8.9,/articles/2003/11/25/harvest-moon-friends-of-mineral-town-2,2003-11-25T02:30:00.000Z,Craig Harris
Cartoon Network Speedway,3.0,/articles/2003/11/21/cartoon-network-speedway,2003-11-21T23:17:00.000Z,Craig Harris
Justice League Chronicles,4.0,/articles/2003/11/21/justice-league-chronicles,2003-11-21T22:31:00.000Z,Craig Harris
Medal of Honor Infiltrator,8.8,/articles/2003/11/21/medal-of-honor-infiltrator,2003-11-21T00:01:00.000Z,Craig Harris
Onimusha Tactics,6.5,/articles/2003/11/20/onimusha-tactics,2003-11-20T02:22:00.000Z,Craig Harris
Crash Nitro Kart [GBA] Review,7.8,/articles/2003/11/19/crash-nitro-kart-gba-review,2003-11-19T00:37:21.000Z,Craig Harris
Mario & Luigi: Superstar Saga,9.0,/articles/2003/11/18/mario-luigi-superstar-saga-2,2003-11-18T02:16:00.000Z,Craig Harris
FIFA Soccer 2004,8.5,/articles/2003/11/14/fifa-soccer-2004,2003-11-14T23:14:00.000Z,Craig Harris
Prince of Persia: The Sands of Time,7.0,/articles/2003/11/12/prince-of-persia-the-sands-of-time,2003-11-12T22:31:00.000Z,Craig Harris
Double Dragon,7.0,/articles/2003/11/11/double-dragon,2003-11-11T23:08:00.000Z,Craig Harris
Spyro the Dragon: Attack of the Rhynocs,8.0,/articles/2003/11/11/spyro-the-dragon-attack-of-the-rhynocs,2003-11-11T22:55:00.000Z,Craig Harris
Wakeboarding Unleashed featuring Shaun Murray,7.0,/articles/2003/11/10/wakeboarding-unleashed-featuring-shaun-murray,2003-11-10T22:31:00.000Z,Craig Harris
Lord of the Rings: Return of the King,8.0,/articles/2003/11/10/lord-of-the-rings-return-of-the-king,2003-11-10T21:55:00.000Z,Craig Harris
Backyard Hockey,6.0,/articles/2003/11/08/backyard-hockey,2003-11-08T00:27:00.000Z,Craig Harris
Tiger Woods PGA Tour 2004,8.0,/articles/2003/11/07/tiger-woods-pga-tour-2004,2003-11-07T01:40:00.000Z,IGN Staff
Fire Emblem,9.5,/articles/2003/11/06/fire-emblem-2,2003-11-06T00:27:00.000Z,Craig Harris
Frogger's Journey: The Forgotten Relic,5.0,/articles/2003/11/03/froggers-journey-the-forgotten-relic,2003-11-03T23:00:00.000Z,Craig Harris
Digimon: Battle Spirits 2,7.0,/articles/2003/10/31/digimon-battle-spirits-2,2003-10-31T01:45:00.000Z,Craig Harris
Tak and the Power of Juju,5.0,/articles/2003/10/30/tak-and-the-power-of-juju,2003-10-30T00:52:00.000Z,Craig Harris
Tony Hawk's Underground,9.5,/articles/2003/10/27/tony-hawks-underground-4,2003-10-27T22:45:00.000Z,Craig Harris
Top Gear Rally GBA Review,8.0,/articles/2003/10/24/top-gear-rally,2003-10-24T23:51:00.000Z,Craig Harris
Teenage Mutant Ninja Turtles,6.9,/articles/2003/10/23/teenage-mutant-ninja-turtles,2003-10-23T00:24:00.000Z,Craig Harris
Mega Man Zero 2,8.0,/articles/2003/10/17/mega-man-zero-2,2003-10-17T21:12:00.000Z,Craig Harris
Crouching Tiger Hidden Dragon GBA Review,6.0,/articles/2003/10/15/crouching-tiger-hidden-dragon-2,2003-10-15T23:46:00.000Z,Craig Harris
Super Mario Bros. 3: Super Mario Advance 4,9.5,/articles/2003/10/15/super-mario-bros-3-super-mario-advance-4,2003-10-15T00:56:00.000Z,IGN Staff
DemiKids: Dark Version,5.5,/articles/2003/10/14/demikids-dark-version,2003-10-14T01:12:00.000Z,Craig Harris
DemiKids: Light Version,5.5,/articles/2003/10/14/demikids-light-version,2003-10-14T01:10:00.000Z,Craig Harris
Jimmy Neutron: Jet Fusion,5.5,/articles/2003/10/10/jimmy-neutron-jet-fusion,2003-10-10T21:52:00.000Z,Craig Harris
Scooby-Doo: Mystery Mayhem,5.0,/articles/2003/10/06/scooby-doo-mystery-mayhem,2003-10-06T23:52:00.000Z,Craig Harris
Oddworld: Munch's Oddysee,4.0,/articles/2003/09/29/oddworld-munchs-oddysee,2003-09-29T23:28:00.000Z,Craig Harris
Disney's Party,4.0,/articles/2003/09/25/disneys-party,2003-09-25T22:45:00.000Z,IGN Staff
Blackthorne,7.5,/articles/2003/09/24/blackthorne,2003-09-24T23:51:00.000Z,Craig Harris
Road Rash: Jailbreak,7.9,/articles/2003/09/23/road-rash-jailbreak,2003-09-23T21:08:00.000Z,Craig Harris
Shining Soul,5.5,/articles/2003/09/22/shining-soul-2,2003-09-22T21:48:00.000Z,Craig Harris
Boktai,8.5,/articles/2003/09/16/boktai,2003-09-16T01:23:00.000Z,Craig Harris
Banjo-Kazooie: Grunty's Revenge,8.0,/articles/2003/09/12/banjo-kazooie-gruntys-revenge,2003-09-12T22:54:00.000Z,Craig Harris
Disney's Extreme Skate Adventure,7.5,/articles/2003/09/09/disneys-extreme-skate-adventure,2003-09-09T23:17:00.000Z,Craig Harris
Final Fantasy Tactics Advance,9.0,/articles/2003/09/05/final-fantasy-tactics-advance-2,2003-09-05T22:09:00.000Z,Craig Harris
Freekstyle GBA Review,7.8,/articles/2003/09/02/freekstyle-3,2003-09-02T23:59:00.000Z,Craig Harris
Mortal Kombat: Tournament Edition,8.5,/articles/2003/08/28/mortal-kombat-tournament-edition,2003-08-28T23:53:00.000Z,Craig Harris
Pokemon Pinball: Ruby & Sapphire,8.8,/articles/2003/08/21/pokemon-pinball-ruby-sapphire,2003-08-21T15:33:00.000Z,Craig Harris
Monster Truck Madness,7.5,/articles/2003/08/19/monster-truck-madness,2003-08-19T16:18:00.000Z,Craig Harris
Madden NFL 2004,7.0,/articles/2003/08/15/madden-nfl-2004,2003-08-15T21:49:00.000Z,Craig Harris
Buffy the Vampire Slayer: Wrath of the Darkhul King,4.0,/articles/2003/08/05/buffy-the-vampire-slayer-wrath-of-the-darkhul-king,2003-08-05T20:17:00.000Z,Craig Harris
Shrek: Reekin' Havoc,5.9,/articles/2003/08/04/shrek-reekin-havoc,2003-08-04T23:58:00.000Z,Craig Harris
Stuntman,8.5,/articles/2003/08/01/stuntman-2,2003-08-01T20:58:00.000Z,Craig Harris
Drome Racers,7.0,/articles/2003/07/31/drome-racers-3,2003-07-31T00:43:00.000Z,Craig Harris
Sheep,6.5,/articles/2003/07/10/sheep,2003-07-10T22:42:00.000Z,Chadd Chambers
Space Channel 5,5.0,/articles/2003/06/28/space-channel-5,2003-06-28T02:37:00.000Z,Craig Harris
Mega Man Battle Network 3 Blue Version,7.9,/articles/2003/06/26/mega-man-battle-network-3-blue-version,2003-06-26T00:45:00.000Z,IGN Staff
Mega Man Battle Network 3 White Version,7.9,/articles/2003/06/26/mega-man-battle-network-3-white-version,2003-06-26T00:45:00.000Z,IGN Staff
The Simpsons Road Rage,7.5,/articles/2003/06/23/the-simpsons-road-rage,2003-06-23T22:30:00.000Z,Craig Harris
Advance Wars 2: Black Hole Rising,9.0,/articles/2003/06/20/advance-wars-2-black-hole-rising,2003-06-20T22:10:00.000Z,Craig Harris
Jet Grind Radio,8.5,/articles/2003/06/19/jet-grind-radio,2003-06-19T23:10:00.000Z,Craig Harris
Jet Grind Radio,8.5,/articles/2003/06/19/jet-grind-radio,2003-06-19T23:10:00.000Z,Craig Harris
Pirates of the Caribbean: The Curse of the Black Pearl,5.5,/articles/2003/06/18/pirates-of-the-caribbean-the-curse-of-the-black-pearl-2,2003-06-18T23:16:00.000Z,Craig Harris
Dragon Ball Z: The Legacy of Goku II,8.0,/articles/2003/06/17/dragon-ball-z-the-legacy-of-goku-ii,2003-06-17T22:39:00.000Z,Craig Harris
Rock 'n Roll Racing,8.5,/articles/2003/06/12/rock-n-roll-racing,2003-06-12T20:52:00.000Z,Craig Harris
Wing Commander Prophecy,7.0,/articles/2003/06/09/wing-commander-prophecy,2003-06-09T23:51:00.000Z,Craig Harris
Donkey Kong Country,8.0,/articles/2003/06/06/donkey-kong-country-4,2003-06-06T23:55:00.000Z,Craig Harris
Ultimate Muscle: The Kinnikuman Legacy,7.5,/articles/2003/06/03/ultimate-muscle-the-kinnikuman-legacy,2003-06-03T23:03:00.000Z,Craig Harris
Iridion II,8.0,/articles/2003/06/03/iridion-ii-3,2003-06-03T00:12:00.000Z,Craig Harris
Bruce Lee: Return of the Legend,8.4,/articles/2003/05/31/bruce-lee-return-of-the-legend,2003-05-31T00:13:00.000Z,IGN Staff
The Incredible Hulk,6.0,/articles/2003/05/29/the-incredible-hulk,2003-05-29T22:20:00.000Z,Craig Harris
Sonic Pinball Party,8.3,/articles/2003/05/29/sonic-pinball-party,2003-05-29T00:59:00.000Z,Craig Harris
Sega Arcade Gallery,7.8,/articles/2003/05/23/sega-arcade-gallery,2003-05-23T21:13:00.000Z,Craig Harris
Castlevania: Aria of Sorrow,9.3,/articles/2003/05/05/castlevania-aria-of-sorrow,2003-05-05T07:00:00.000Z,Craig Harris
Donkey Kong 3-e,7.0,/articles/2003/05/02/donkey-kong-3-e,2003-05-02T07:00:00.000Z,Craig Harris
Clu Clu Land-e,5.0,/articles/2003/05/02/clu-clu-land-e,2003-05-02T07:00:00.000Z,Craig Harris
Splinter Cell,8.0,/articles/2003/04/29/splinter-cell-4,2003-04-29T07:00:00.000Z,Craig Harris
Disney Sports Motocross,5.5,/articles/2003/04/22/disney-sports-motocross,2003-04-22T07:00:00.000Z,Craig Harris
Ninja Five-O,8.5,/articles/2003/04/21/ninja-five-o,2003-04-21T07:00:00.000Z,Craig Harris
Yu-Gi-Oh Worldwide Edition: Stairway to the Destined Duel,8.0,/articles/2003/04/18/yu-gi-oh-worldwide-edition-stairway-to-the-destined-duel,2003-04-18T07:00:00.000Z,Craig Harris
X2: Wolverine's Revenge,7.9,/articles/2003/04/16/x2-wolverines-revenge,2003-04-16T07:00:00.000Z,Craig Harris
Golden Sun: The Lost Age,9.0,/articles/2003/04/10/golden-sun-the-lost-age,2003-04-10T07:00:00.000Z,Craig Harris
"Ed, Edd n Eddy: Jawbreakers",5.0,/articles/2003/04/09/ed-edd-n-eddy-jawbreakers,2003-04-09T07:00:00.000Z,Craig Harris
Crazy Taxi: Catch a Ride,6.5,/articles/2003/04/08/crazy-taxi-catch-a-ride,2003-04-08T07:00:00.000Z,IGN Staff
Phantasy Star Collection,6.0,/articles/2003/04/08/phantasy-star-collection-2,2003-04-08T07:00:00.000Z,Adam Tierney
Hamtaro: Ham-Ham Heartbreak,8.0,/articles/2003/04/04/hamtaro-ham-ham-heartbreak,2003-04-04T08:00:00.000Z,Craig Harris
Superman: Countdown to Apokolips,4.5,/articles/2003/04/03/superman-countdown-to-apokolips-2,2003-04-03T08:00:00.000Z,Craig Harris
The Lost Vikings,8.5,/articles/2003/04/02/the-lost-vikings,2003-04-02T08:00:00.000Z,Craig Harris
Super Puzzle Fighter II Turbo,8.0,/articles/2003/04/01/super-puzzle-fighter-ii-turbo,2003-04-01T08:00:00.000Z,Craig Harris
James Bond 007: NightFire,6.5,/articles/2003/03/31/james-bond-007-nightfire-6,2003-03-31T08:00:00.000Z,Craig Harris
Mega Man & Bass,8.5,/articles/2003/03/27/mega-man-bass,2003-03-27T08:00:00.000Z,Craig Harris
Mega Man & Bass,8.5,/articles/2003/03/27/mega-man-bass,2003-03-27T08:00:00.000Z,Craig Harris
Samurai Jack: The Amulet of Time,6.0,/articles/2003/03/26/samurai-jack-the-amulet-of-time,2003-03-26T08:00:00.000Z,Craig Harris
Muppets: On with the Show,7.0,/articles/2003/03/20/muppets-on-with-the-show,2003-03-20T08:00:00.000Z,Craig Harris
Ultimate Brain Games,8.5,/articles/2003/03/19/ultimate-brain-games-2,2003-03-19T08:00:00.000Z,Craig Harris
MLB Slugfest 2004,4.5,/articles/2003/03/18/mlb-slugfest-2004,2003-03-18T08:00:00.000Z,Craig Harris
Pokemon: Sapphire Version,9.5,/articles/2003/03/17/pokemon-sapphire-version,2003-03-17T08:00:00.000Z,Craig Harris
Pokemon: Ruby Version,9.5,/articles/2003/03/17/pokemon-ruby-version,2003-03-17T08:00:00.000Z,Craig Harris
Sonic Advance 2,9.0,/articles/2003/03/14/sonic-advance-2-5,2003-03-14T08:00:00.000Z,Craig Harris
Sega Rally,7.0,/articles/2003/03/11/sega-rally-2,2003-03-11T08:00:00.000Z,Craig Harris
Rayman 3,9.0,/articles/2003/03/05/rayman-3-5,2003-03-05T08:00:00.000Z,Craig Harris
All-Star Baseball 2004,8.0,/articles/2003/03/04/all-star-baseball-2004-2,2003-03-04T08:00:00.000Z,Craig Harris
The Jungle Book,5.0,/articles/2003/03/03/the-jungle-book,2003-03-03T08:00:00.000Z,Craig Harris
Mario Party-e,8.0,/articles/2003/02/25/mario-party-e,2003-02-25T08:00:00.000Z,Craig Harris
Sum of All Fears,6.0,/articles/2003/02/21/sum-of-all-fears,2003-02-21T08:00:00.000Z,Craig Harris
Yu-Gi-Oh! Dungeondice Monsters,8.0,/articles/2003/02/12/yu-gi-oh-dungeondice-monsters,2003-02-12T08:00:00.000Z,Craig Harris
Wings,7.5,/articles/2003/02/10/wings-3,2003-02-10T08:00:00.000Z,Craig Harris
Daredevil Review,5.0,/articles/2003/02/07/daredevil-5,2003-02-07T08:00:00.000Z,Craig Harris
David Beckham Soccer,2.2,/articles/2003/02/06/david-beckham-soccer,2003-02-06T08:00:00.000Z,Peer Schneider
Disney Sports Snowboarding,6.0,/articles/2003/02/05/disney-sports-snowboarding,2003-02-05T08:00:00.000Z,Craig Harris
GT Advance 3: Pro Concept Racing,8.5,/articles/2003/02/04/gt-advance-3-pro-concept-racing,2003-02-04T08:00:00.000Z,Craig Harris
FIFA Soccer 2003,8.8,/articles/2003/02/03/fifa-soccer-2003-2,2003-02-03T08:00:00.000Z,Peer Schneider
Lunar Legend,7.0,/articles/2003/02/03/lunar-legend,2003-02-03T08:00:00.000Z,Craig Harris
Digimon: Battle Spirits,6.5,/articles/2003/01/30/digimon-battle-spirits-3,2003-01-30T08:00:00.000Z,Craig Harris
Minority Report: Everybody Runs,6.0,/articles/2003/01/29/minority-report-everybody-runs-2,2003-01-29T08:00:00.000Z,Craig Harris
Disney Sports Basketball,8.0,/articles/2003/01/28/disney-sports-basketball-2,2003-01-28T08:00:00.000Z,Craig Harris
Disney Sports Football,5.0,/articles/2003/01/27/disney-sports-football-2,2003-01-27T08:00:00.000Z,Craig Harris
Disney Sports Skateboarding GBA Review,3.0,/articles/2003/01/24/disney-sports-skateboarding-2,2003-01-24T08:00:00.000Z,Craig Harris
BattleBots: Beyond the BattleBox,5.0,/articles/2003/01/24/battlebots-beyond-the-battlebox-2,2003-01-24T08:00:00.000Z,Nix`
Sea Trader: Rise of Taipan,6.0,/articles/2003/01/23/sea-trader-rise-of-taipan,2003-01-23T08:00:00.000Z,Craig Harris
Invincible Iron Man,7.0,/articles/2003/01/22/invincible-iron-man,2003-01-22T08:00:00.000Z,Craig Harris
Crash 2: N-Tranced,8.5,/articles/2003/01/21/crash-2-n-tranced,2003-01-21T08:00:00.000Z,IGN Staff
Super Bubble Pop,4.0,/articles/2003/01/17/super-bubble-pop-4,2003-01-17T08:00:00.000Z,Craig Harris
Butt Ugly Martians: B.K.M. Battles,6.0,/articles/2003/01/15/butt-ugly-martians-bkm-battles,2003-01-15T08:00:00.000Z,Adam Tierney
Bionicle: Matoran Adventures,3.0,/articles/2003/01/15/bionicle-matoran-adventures-2,2003-01-15T08:00:00.000Z,Adam Tierney
Karnaaj Rally,8.8,/articles/2003/01/15/karnaaj-rally,2003-01-15T08:00:00.000Z,Craig Harris
Moto Racer Advance,9.0,/articles/2003/01/13/moto-racer-advance-2,2003-01-13T08:00:00.000Z,Craig Harris
Kim Possible,5.0,/articles/2003/01/10/kim-possible,2003-01-10T08:00:00.000Z,Nix
Disney's Treasure Planet,7.0,/articles/2003/01/10/disneys-treasure-planet,2003-01-10T08:00:00.000Z,Nix
Midway's Greatest Arcade Hits,3.5,/articles/2003/01/01/midways-greatest-arcade-hits,2003-01-01T03:54:00.000Z,Craig Harris
Jazz Jackrabbit,6.5,/articles/2002/12/23/jazz-jackrabbit,2002-12-23T08:00:00.000Z,Cory D. Lewis
Lord of the Rings: The Two Towers,8.0,/articles/2002/12/17/lord-of-the-rings-the-two-towers,2002-12-17T08:00:00.000Z,Craig Harris
MK&A: Sweet 16 -- Licensed to Drive,4.0,/articles/2002/12/16/mka-sweet-16-licensed-to-drive,2002-12-16T08:00:00.000Z,Nix
Car Battler Joe,7.7,/articles/2002/12/13/car-battler-joe,2002-12-13T08:00:00.000Z,Nix
Street Fighter Alpha 3,9.0,/articles/2002/12/13/street-fighter-alpha-3,2002-12-13T08:00:00.000Z,Craig Harris
Altered Beast: Guardian of the Realms,7.5,/articles/2002/12/12/altered-beast-guardian-of-the-realms,2002-12-12T08:00:00.000Z,Craig Harris
Altered Beast: Guardian of the Realms,7.5,/articles/2002/12/12/altered-beast-guardian-of-the-realms,2002-12-12T08:00:00.000Z,Craig Harris
Legends of Wrestling II,2.0,/articles/2002/12/11/legends-of-wrestling-ii,2002-12-11T08:00:00.000Z,Craig Harris
Dave Mirra Freestyle BMX 3,8.0,/articles/2002/12/10/dave-mirra-freestyle-bmx-3,2002-12-10T08:00:00.000Z,Craig Harris
Denki Blocks,8.0,/articles/2002/12/10/denki-blocks,2002-12-10T08:00:00.000Z,Craig Harris
Powerpuff Girls: Him and Seek,7.5,/articles/2002/12/09/powerpuff-girls-him-and-seek,2002-12-09T08:00:00.000Z,Craig Harris
Godzilla: Domination,5.5,/articles/2002/12/09/godzilla-domination,2002-12-09T08:00:00.000Z,Craig Harris
Harry Potter and the Chamber of Secrets,7.8,/articles/2002/12/06/harry-potter-and-the-chamber-of-secrets,2002-12-06T08:00:00.000Z,Craig Harris
Guilty Gear X Advance Edition,7.0,/articles/2002/12/06/guilty-gear-x-advance-edition,2002-12-06T08:00:00.000Z,"Kaiser Hwang, Contributor"
Contra Advance: The Alien Wars EX,7.0,/articles/2002/12/05/contra-advance-the-alien-wars-ex,2002-12-05T08:00:00.000Z,Craig Harris
Zapper,6.5,/articles/2002/12/05/zapper,2002-12-05T08:00:00.000Z,Craig Harris
King of Fighters EX Neoblood,8.0,/articles/2002/12/05/king-of-fighters-ex-neoblood,2002-12-05T08:00:00.000Z,"Kaiser Hwang, Contributor"
Legend of Zelda: A Link to the Past,9.7,/articles/2002/12/03/legend-of-zelda-a-link-to-the-past,2002-12-03T08:00:00.000Z,Craig Harris
Kirby: Nightmare in Dream Land,8.5,/articles/2002/12/02/kirby-nightmare-in-dream-land,2002-12-02T08:00:00.000Z,Craig Harris
Super Monkey Ball Jr.,9.0,/articles/2002/11/27/super-monkey-ball-jr,2002-11-27T08:00:00.000Z,Craig Harris
WWE Road to Wrestlemania X8,7.0,/articles/2002/11/25/wwe-road-to-wrestlemania-x8,2002-11-25T08:00:00.000Z,Craig Harris
Masters of the Universe: He-Man Power of Grayskull,6.0,/articles/2002/11/22/masters-of-the-universe-he-man-power-of-grayskull,2002-11-22T08:00:00.000Z,Craig Harris
Hot Wheels Velocity X,5.5,/articles/2002/11/22/hot-wheels-velocity-x,2002-11-22T08:00:00.000Z,Craig Harris
Mortal Kombat: Deadly Alliance,8.8,/articles/2002/11/20/mortal-kombat-deadly-alliance,2002-11-20T08:00:00.000Z,Craig Harris
Defender [GBA Version Review],2.0,/articles/2002/11/19/defender-2,2002-11-19T08:00:00.000Z,Craig Harris
Yu-Gi-Oh! The Eternal Duelist Soul,8.0,/articles/2002/11/18/yu-gi-oh-the-eternal-duelist-soul,2002-11-18T08:00:00.000Z,Craig Harris
Galidor,4.0,/articles/2002/11/18/galidor,2002-11-18T08:00:00.000Z,Nix
Mario Bros.-e,6.0,/articles/2002/11/15/mario-bros-e,2002-11-15T08:00:00.000Z,Craig Harris
Urban Champion-e,5.0,/articles/2002/11/15/urban-champion-e,2002-11-15T08:00:00.000Z,Craig Harris
Baseball-e,6.0,/articles/2002/11/15/baseball-e,2002-11-15T08:00:00.000Z,Craig Harris
Turbo Turtle Adventure,7.5,/articles/2002/11/14/turbo-turtle-adventure,2002-11-14T08:00:00.000Z,Craig Harris
Silent Scope,7.0,/articles/2002/11/14/silent-scope-2,2002-11-14T08:00:00.000Z,Craig Harris
SSX Tricky,6.5,/articles/2002/11/13/ssx-tricky,2002-11-13T08:00:00.000Z,Craig Harris
Doom II,7.8,/articles/2002/11/13/doom-ii,2002-11-13T08:00:00.000Z,Craig Harris
Frogger's Adventures 2: The Lost Wand,8.0,/articles/2002/11/11/froggers-adventures-2-the-lost-wand,2002-11-11T08:00:00.000Z,Craig Harris
Game & Watch Gallery 4,7.0,/articles/2002/11/11/game-watch-gallery-4,2002-11-11T08:00:00.000Z,Craig Harris
Disney's Tarzan: Return to the Jungle,7.0,/articles/2002/11/08/disneys-tarzan-return-to-the-jungle,2002-11-08T08:00:00.000Z,Craig Harris
Tiny Toon Adventures: Wacky Stackers,5.0,/articles/2002/11/07/tiny-toon-adventures-wacky-stackers,2002-11-07T08:00:00.000Z,Craig Harris
The Flintstones,4.0,/articles/2002/11/06/the-flintstones,2002-11-06T08:00:00.000Z,Nix
Barbie: Secret Agent,7.5,/articles/2002/11/06/barbie-secret-agent,2002-11-06T08:00:00.000Z,Nix
Soccer Kid,7.0,/articles/2002/11/05/soccer-kid,2002-11-05T08:00:00.000Z,Craig Harris
Dual Blades,5.5,/articles/2002/11/01/dual-blades,2002-11-01T08:00:00.000Z,Craig Harris
Ripping Friends,3.0,/articles/2002/10/31/ripping-friends,2002-10-31T08:00:00.000Z,Nix
Robotech: The Macross Saga,5.0,/articles/2002/10/31/robotech-the-macross-saga,2002-10-31T08:00:00.000Z,Craig Harris
Defender of the Crown,8.0,/articles/2002/10/30/defender-of-the-crown,2002-10-30T08:00:00.000Z,Craig Harris
Tony Hawk's Pro Skater 4,9.2,/articles/2002/10/29/tony-hawks-pro-skater-4,2002-10-29T08:00:00.000Z,Craig Harris
V-Rally 3 GBA Review,8.0,/articles/2002/10/28/v-rally-3-2,2002-10-28T08:00:00.000Z,Craig Harris
V-Rally 3 GBA Review,8.0,/articles/2002/10/28/v-rally-3-2,2002-10-28T08:00:00.000Z,Craig Harris
Driver 2,7.0,/articles/2002/10/25/driver-2,2002-10-25T07:00:00.000Z,Nix
Davis Cup Tennis,5.0,/articles/2002/10/24/davis-cup-tennis,2002-10-24T07:00:00.000Z,Craig Harris
Colin McRae Rally 2.0,8.9,/articles/2002/10/23/colin-mcrae-rally-20,2002-10-23T07:00:00.000Z,Craig Harris
Jimmy Neutron vs. Jimmy Negatron,6.0,/articles/2002/10/22/jimmy-neutron-vs-jimmy-negatron,2002-10-22T07:00:00.000Z,Craig Harris
Virtua Tennis,9.0,/articles/2002/10/21/virtua-tennis,2002-10-21T07:00:00.000Z,Craig Harris
The Land Before Time,6.0,/articles/2002/10/21/the-land-before-time,2002-10-21T07:00:00.000Z,Nix
Shrek: Hassle at the Castle,7.0,/articles/2002/10/18/shrek-hassle-at-the-castle,2002-10-18T07:00:00.000Z,Craig Harris
Ballistic: Ecks vs. Sever,8.4,/articles/2002/10/17/ballistic-ecks-vs-sever-2,2002-10-17T07:00:00.000Z,Craig Harris
NHL Hitz 2003,7.0,/articles/2002/10/16/nhl-hitz-2003,2002-10-16T07:00:00.000Z,Craig Harris
Kelly Slater's Pro Surfer,8.0,/articles/2002/10/15/kelly-slaters-pro-surfer,2002-10-15T07:00:00.000Z,Craig Harris
Egg Mania,7.0,/articles/2002/10/14/egg-mania,2002-10-14T07:00:00.000Z,Craig Harris
Sega Smash Pack,6.0,/articles/2002/10/11/sega-smash-pack,2002-10-11T07:00:00.000Z,Craig Harris
Barbie Groovy Games,3.0,/articles/2002/10/11/barbie-groovy-games,2002-10-11T07:00:00.000Z,Nix
Spyro 2: Season of Flame,8.5,/articles/2002/10/10/spyro-2-season-of-flame,2002-10-10T07:00:00.000Z,Craig Harris
Fire Pro Wrestling 2,7.0,/articles/2002/10/08/fire-pro-wrestling-2,2002-10-08T07:00:00.000Z,Nix
Tom & Jerry: The Magic Ring,5.5,/articles/2002/10/07/tom-jerry-the-magic-ring,2002-10-07T07:00:00.000Z,Adam Tierney
Lord of the Rings: The Fellowship of the Ring,6.0,/articles/2002/10/01/lord-of-the-rings-the-fellowship-of-the-ring,2002-10-01T07:00:00.000Z,Nix
Boulder Dash EX,7.5,/articles/2002/09/27/boulder-dash-ex,2002-09-27T07:00:00.000Z,Craig Harris
Super Ghouls 'n Ghosts,8.5,/articles/2002/09/26/super-ghouls-n-ghosts,2002-09-26T07:00:00.000Z,Craig Harris
Airforce Delta Storm,7.1,/articles/2002/09/25/airforce-delta-storm,2002-09-25T07:00:00.000Z,Craig Harris
Go! Go! Beckham!,7.0,/articles/2002/09/24/go-go-beckham,2002-09-24T07:00:00.000Z,"Ben Cartledge, Contributor"
Mega Man Zero,8.8,/articles/2002/09/23/mega-man-zero,2002-09-23T07:00:00.000Z,Craig Harris
Air Hockey-e,6.0,/articles/2002/09/18/air-hockey-e,2002-09-18T07:00:00.000Z,Nix<p>
Donkey Kong Jr.-e,8.0,/articles/2002/09/17/donkey-kong-jr-e,2002-09-17T07:00:00.000Z,Craig Harris
Excitebike-e,8.0,/articles/2002/09/17/excitebike-e,2002-09-17T07:00:00.000Z,Craig Harris<p>
Pinball-e,5.0,/articles/2002/09/17/pinball-e,2002-09-17T07:00:00.000Z,Craig Harris<p>
Balloon Fight-e,7.0,/articles/2002/09/17/balloon-fight-e,2002-09-17T07:00:00.000Z,Craig Harris<p>
Tennis-e,6.0,/articles/2002/09/17/tennis-e,2002-09-17T07:00:00.000Z,Craig Harris<p>
Castlevania: Harmony of Dissonance,9.2,/articles/2002/09/16/castlevania-harmony-of-dissonance,2002-09-16T07:00:00.000Z,Craig Harris
Kong: The Animated Series,5.0,/articles/2002/09/13/kong-the-animated-series,2002-09-13T07:00:00.000Z,Nix
Sabrina: Potion Commotion,6.0,/articles/2002/09/11/sabrina-potion-commotion,2002-09-11T07:00:00.000Z,Nix
Chessmaster,7.5,/articles/2002/09/06/chessmaster-2,2002-09-06T07:00:00.000Z,Steve Butts
Power Rangers: Wild Force,5.5,/articles/2002/09/04/power-rangers-wild-force,2002-09-04T07:00:00.000Z,Craig Harris
Monster Force,6.5,/articles/2002/08/30/monster-force,2002-08-30T07:00:00.000Z,Craig Harris
ATV: Quad Power Racing,5.5,/articles/2002/08/29/atv-quad-power-racing,2002-08-29T07:00:00.000Z,Craig Harris
Aggressive Inline,7.0,/articles/2002/08/28/aggressive-inline,2002-08-28T07:00:00.000Z,Craig Harris
Madden NFL 2003,8.2,/articles/2002/08/26/madden-nfl-2003,2002-08-26T07:00:00.000Z,Chris Carle
Urban Yeti!,7.0,/articles/2002/08/23/urban-yeti,2002-08-23T07:00:00.000Z,Craig Harris
Disney's Magical Quest Starring Mickey and Minnie,6.0,/articles/2002/08/20/disneys-magical-quest-starring-mickey-and-minnie,2002-08-20T07:00:00.000Z,Craig Harris
Mat Hoffman Pro BMX 2,8.5,/articles/2002/08/15/mat-hoffman-pro-bmx-2,2002-08-15T07:00:00.000Z,Craig Harris
Duke Nukem Advance,9.0,/articles/2002/08/14/duke-nukem-advance,2002-08-14T07:00:00.000Z,Craig Harris
NFL Blitz 2003,1.0,/articles/2002/08/13/nfl-blitz-2003,2002-08-13T07:00:00.000Z,Craig Harris
xXx,6.0,/articles/2002/08/09/xxx-2,2002-08-09T07:00:00.000Z,Craig Harris
Medabots AX Metabee,6.0,/articles/2002/07/25/medabots-ax-metabee,2002-07-25T07:00:00.000Z,Nix
Medabots AX Rokusho,6.0,/articles/2002/07/25/medabots-ax-rokusho,2002-07-25T07:00:00.000Z,Nix
Stuart Little 2,5.0,/articles/2002/07/22/stuart-little-2-4,2002-07-22T07:00:00.000Z,Craig Harris
GT Advance 2,8.4,/articles/2002/07/19/gt-advance-2,2002-07-19T07:00:00.000Z,Craig Harris
Hey Arnold: The Movie,5.5,/articles/2002/07/17/hey-arnold-the-movie,2002-07-17T07:00:00.000Z,Nix
Robopon 2 (Ring Version),7.0,/articles/2002/07/11/robopon-2-ring-version,2002-07-11T07:00:00.000Z,Nix
NASCAR Heat 2002,5.0,/articles/2002/06/28/nascar-heat-2002,2002-06-28T07:00:00.000Z,Craig Harris
WTA Tour Tennis,5.8,/articles/2002/06/25/wta-tour-tennis-2,2002-06-25T07:00:00.000Z,Craig Harris
Aero the Acrobat,7.9,/articles/2002/06/24/aero-the-acrobat,2002-06-24T07:00:00.000Z,Craig Harris
Bomberman Max 2: Blue Advance,7.5,/articles/2002/06/21/bomberman-max-2-blue-advance,2002-06-21T07:00:00.000Z,Craig Harris
Bomberman Max 2: Red Advance,7.5,/articles/2002/06/21/bomberman-max-2-red-advance,2002-06-21T07:00:00.000Z,Craig Harris
Nicktoons Racing,8.0,/articles/2002/06/20/nicktoons-racing,2002-06-20T07:00:00.000Z,Craig Harris
Pinball of the Dead,8.0,/articles/2002/06/19/pinball-of-the-dead,2002-06-19T07:00:00.000Z,Craig Harris
Earthworm Jim 2,4.0,/articles/2002/06/18/earthworm-jim-2,2002-06-18T07:00:00.000Z,Craig Harris
E.T. The Extra Terrestrial,3.5,/articles/2002/06/14/et-the-extra-terrestrial-2,2002-06-14T07:00:00.000Z,"Adam Tierney, Contributor"
Frogger Advance: The Great Quest,7.0,/articles/2002/06/14/frogger-advance-the-great-quest,2002-06-14T07:00:00.000Z,Craig Harris
Disney's Lilo & Stitch,8.0,/articles/2002/06/13/disneys-lilo-stitch-2,2002-06-13T07:00:00.000Z,Craig Harris
Punch King,6.0,/articles/2002/06/12/punch-king,2002-06-12T07:00:00.000Z,Craig Harris
ZooCube,7.8,/articles/2002/06/07/zoocube-2,2002-06-07T07:00:00.000Z,Craig Harris
Muppets Pinball Mania,7.9,/articles/2002/06/06/muppets-pinball-mania,2002-06-06T07:00:00.000Z,Craig Harris
All-Star Baseball 2003,7.8,/articles/2002/06/05/all-star-baseball-2003,2002-06-05T07:00:00.000Z,Craig Harris
SpyHunter,7.2,/articles/2002/06/04/spyhunter,2002-06-04T07:00:00.000Z,Craig Harris
Desert Strike Advance,8.0,/articles/2002/06/03/desert-strike-advance,2002-06-03T07:00:00.000Z,Craig Harris
Tactics Ogre: The Knight of Lodis,8.5,/articles/2002/05/15/tactics-ogre-the-knight-of-lodis,2002-05-15T07:00:00.000Z,Peer Schneider
Star Wars Episode II: Attack of the Clones,6.5,/articles/2002/05/15/star-wars-episode-ii-attack-of-the-clones-3,2002-05-15T07:00:00.000Z,Craig Harris
Tiger Woods PGA Tour Golf,6.0,/articles/2002/05/13/tiger-woods-pga-tour-golf-2,2002-05-13T07:00:00.000Z,Craig Harris
Dragon Ball Z: Legacy of Goku,5.8,/articles/2002/05/10/dragon-ball-z-legacy-of-goku,2002-05-10T07:00:00.000Z,Craig Harris
Blender Bros.,7.8,/articles/2002/04/29/blender-bros,2002-04-29T07:00:00.000Z,Craig Harris
Wolfenstein 3D,5.0,/articles/2002/04/24/wolfenstein-3d,2002-04-24T07:00:00.000Z,Craig Harris
Britney's Dance Beat,5.0,/articles/2002/04/23/britneys-dance-beat-2,2002-04-23T07:00:00.000Z,Craig Harris
Virtual Kasparov,6.5,/articles/2002/04/19/virtual-kasparov,2002-04-19T07:00:00.000Z,Steve Butts
Goemon: New Age Shutsudo Review,6.5,/articles/2002/04/18/goemon-new-age-shutsudo,2002-04-18T07:00:00.000Z,Peer Schneider
Star X,4.5,/articles/2002/04/18/star-x,2002-04-18T07:00:00.000Z,Craig Harris
Spider-Man,8.8,/articles/2002/04/17/spider-man-10,2002-04-17T07:00:00.000Z,Craig Harris
Breath of Fire II,8.3,/articles/2002/04/15/breath-of-fire-ii,2002-04-15T07:00:00.000Z,Craig Harris
Motocross Maniacs Advance,6.0,/articles/2002/04/12/motocross-maniacs-advance,2002-04-12T07:00:00.000Z,Craig Harris
The Three Stooges,6.0,/articles/2002/04/10/the-three-stooges,2002-04-10T07:00:00.000Z,Craig Harris
Broken Sword: Shadow of the Templars,7.5,/articles/2002/04/09/broken-sword-shadow-of-the-templars,2002-04-09T07:00:00.000Z,Hilary Goldstein
Broken Sword: Shadow of the Templars,7.5,/articles/2002/04/09/broken-sword-shadow-of-the-templars,2002-04-09T07:00:00.000Z,Hilary Goldstein
Rainbow Six: Rogue Spear,8.4,/articles/2002/04/09/rainbow-six-rogue-spear,2002-04-09T07:00:00.000Z,Steve Butts
The Scorpion King: Sword of Osiris,8.0,/articles/2002/04/08/the-scorpion-king-sword-of-osiris,2002-04-08T07:00:00.000Z,Craig Harris
Monster Jam: Maximum Destruction,5.5,/articles/2002/04/05/monster-jam-maximum-destruction-2,2002-04-05T08:00:00.000Z,Craig Harris
Atari Anniversary Advance,8.0,/articles/2002/04/04/atari-anniversary-advance,2002-04-04T08:00:00.000Z,Craig Harris
Driven Review,3.6,/articles/2002/04/04/driven-review,2002-04-04T08:00:00.000Z,Fran Mirabella III
MotoGP,6.9,/articles/2002/04/02/motogp-4,2002-04-02T08:00:00.000Z,Craig Harris
Shrek Swamp Kart Speedway,3.0,/articles/2002/03/27/shrek-swamp-kart-speedway,2002-03-27T08:00:00.000Z,Craig Harris
Arcade Advanced,9.0,/articles/2002/03/26/arcade-advanced,2002-03-26T08:00:00.000Z,Craig Harris
High Heat Baseball 2003,5.1,/articles/2002/03/21/high-heat-baseball-2003,2002-03-21T08:00:00.000Z,Craig Harris
Baseball Advance,8.8,/articles/2002/03/20/baseball-advance,2002-03-20T08:00:00.000Z,Craig Harris
Ice Age,4.5,/articles/2002/03/19/ice-age-4,2002-03-19T08:00:00.000Z,Craig Harris
NHL 2002,7.9,/articles/2002/03/18/nhl-2002,2002-03-18T08:00:00.000Z,Craig Harris
Mike Tyson Boxing,4.8,/articles/2002/03/12/mike-tyson-boxing,2002-03-12T08:00:00.000Z,Craig Harris
Army Men: Operation Green,6.2,/articles/2002/03/11/army-men-operation-green,2002-03-11T08:00:00.000Z,Craig Harris
NBA Jam 2002,2.0,/articles/2002/03/07/nba-jam-2002,2002-03-07T08:00:00.000Z,Craig Harris
Tony Hawk's Pro Skater 3,9.6,/articles/2002/03/06/tony-hawks-pro-skater-3,2002-03-06T08:00:00.000Z,Craig Harris
Zone of the Enders: The Fist of Mars,6.3,/articles/2002/03/05/zone-of-the-enders-the-fist-of-mars,2002-03-05T08:00:00.000Z,Craig Harris
Disney's Peter Pan: Return to Never Land,5.0,/articles/2002/03/04/disneys-peter-pan-return-to-never-land,2002-03-04T08:00:00.000Z,Craig Harris
Crash Bandicoot: The Huge Adventure,9.0,/articles/2002/03/01/crash-bandicoot-the-huge-adventure,2002-03-01T08:00:00.000Z,Craig Harris
Columns Crown,7.2,/articles/2002/02/25/columns-crown,2002-02-25T08:00:00.000Z,Craig Harris
Puyo Pop,9.0,/articles/2002/02/21/puyo-pop-2,2002-02-21T08:00:00.000Z,Craig Harris
Breath of Fire,7.6,/articles/2002/02/20/breath-of-fire,2002-02-20T08:00:00.000Z,Craig Harris
Prehistorik Man,6.0,/articles/2002/02/13/prehistorik-man,2002-02-13T08:00:00.000Z,"Donald Evanoff, Contributor"
Super Mario World: Super Mario Advance 2 Review,9.3,/articles/2002/02/11/super-mario-world-super-mario-advance-2-review,2002-02-11T08:00:00.000Z,Craig Harris
Hot Wheels Burnin' Rubber Review,8.0,/articles/2002/02/07/hot-wheels-burnin-rubber-review,2002-02-07T08:00:00.000Z,Craig Harris
Donald Duck Advance,6.5,/articles/2002/02/07/donald-duck-advance,2002-02-07T08:00:00.000Z,Nix
Salt Lake 2002 Review,5.1,/articles/2002/02/06/salt-lake-2002-review-2,2002-02-06T08:00:00.000Z,Craig Harris
Sonic Advance Review,9.1,/articles/2002/02/05/sonic-advance-review,2002-02-05T08:00:00.000Z,Craig Harris
Dark Arena,8.0,/articles/2002/01/31/dark-arena,2002-01-31T00:30:00.000Z,Craig Harris
Tekken Advance,8.5,/articles/2002/01/31/tekken-advance,2002-01-31T00:30:00.000Z,Craig Harris
Kao the Kangaroo,5.0,/articles/2002/01/31/kao-the-kangaroo,2002-01-31T00:30:00.000Z,Craig Harris
Powerpuff Girls: Mojo Jojo A-Go-Go!,6.5,/articles/2002/01/25/powerpuff-girls-mojo-jojo-a-go-go,2002-01-25T00:30:00.000Z,"Akira Mark Fujita, Intern"
Star Wars: Episode One: Jedi Power Battles,4.0,/articles/2002/01/25/star-wars-episode-one-jedi-power-battles,2002-01-25T00:30:00.000Z,Nix
WWF Road to Wrestlemania,3.0,/articles/2002/01/25/wwf-road-to-wrestlemania,2002-01-25T00:30:00.000Z,Nix
Driven GBA Review,6.5,/articles/2002/01/16/driven-3,2002-01-16T00:30:00.000Z,Craig Harris
Driven GBA Review,6.5,/articles/2002/01/16/driven-3,2002-01-16T00:30:00.000Z,Craig Harris
Mortal Kombat Advance,2.0,/articles/2002/01/11/mortal-kombat-advance,2002-01-11T00:30:00.000Z,Craig Harris
MX 2002 Featuring Ricky Carmichael,5.0,/articles/2002/01/11/mx-2002-featuring-ricky-carmichael,2002-01-11T00:30:00.000Z,Craig Harris
Planet of the Apes,6.0,/articles/2001/12/15/planet-of-the-apes-2,2001-12-15T00:30:00.000Z,Hilary Goldstein
Cruis'n Velocity,6.0,/articles/2001/12/14/cruisn-velocity,2001-12-14T00:30:00.000Z,Craig Harris
Frogger's Adventure: Temple of the Frog,8.0,/articles/2001/12/14/froggers-adventure-temple-of-the-frog,2001-12-14T00:30:00.000Z,Craig Harris
Shaun Palmer's Pro Snowboarder,4.0,/articles/2001/12/14/shaun-palmers-pro-snowboarder,2001-12-14T00:30:00.000Z,Hilary Goldstein
Rampage Puzzle Attack,8.5,/articles/2001/12/14/rampage-puzzle-attack,2001-12-14T00:30:00.000Z,Craig Harris
Midway's Greatest Arcade Hits,3.5,/articles/2001/12/14/midways-greatest-arcade-hits-2,2001-12-14T00:30:00.000Z,Craig Harris
Dave Mirra Freestyle BMX 2,8.4,/articles/2001/12/08/dave-mirra-freestyle-bmx-2,2001-12-08T00:30:00.000Z,Craig Harris
No Rules: Get Phat,3.0,/articles/2001/12/08/no-rules-get-phat,2001-12-08T00:30:00.000Z,Craig Harris
Monster Rancher Advance,6.5,/articles/2001/12/08/monster-rancher-advance,2001-12-08T00:30:00.000Z,Craig Harris
American Bass Challenge,8.0,/articles/2001/12/08/american-bass-challenge,2001-12-08T00:30:00.000Z,Hilary Goldstein
Mat Hoffman's Pro BMX,8.6,/articles/2001/12/08/mat-hoffmans-pro-bmx,2001-12-08T00:30:00.000Z,Craig Harris
Super Bust-A-Move,8.8,/articles/2001/12/05/super-bust-a-move,2001-12-05T00:30:00.000Z,Craig Harris
ESPN Great Outdoor Games: Bass 2002,4.0,/articles/2001/12/01/espn-great-outdoor-games-bass-2002,2001-12-01T00:30:00.000Z,Hilary Goldstein
Jackie Chan Adventures,7.0,/articles/2001/12/01/jackie-chan-adventures,2001-12-01T00:30:00.000Z,Craig Harris
Ecks vs. Sever,9.0,/articles/2001/12/01/ecks-vs-sever,2001-12-01T00:30:00.000Z,Craig Harris
Madden NFL 2002,7.8,/articles/2001/11/29/madden-nfl-2002,2001-11-29T00:30:00.000Z,Craig Harris
Dokapon,7.5,/articles/2001/11/29/dokapon,2001-11-29T00:30:00.000Z,Hilary Goldstein
Gradius Galaxies,7.5,/articles/2001/11/29/gradius-galaxies,2001-11-29T00:30:00.000Z,Craig Harris
Midnight Club: Street Racing,4.5,/articles/2001/11/21/midnight-club-street-racing,2001-11-21T00:30:00.000Z,Craig Harris
Harry Potter and the Sorcerer's Stone,6.0,/articles/2001/11/21/harry-potter-and-the-sorcerers-stone-8,2001-11-21T00:30:00.000Z,Craig Harris
Batman Vengeance,6.0,/articles/2001/11/17/batman-vengeance-4,2001-11-17T00:30:00.000Z,Craig Harris
Scooby Doo and the Cyber Chase,3.5,/articles/2001/11/17/scooby-doo-and-the-cyber-chase,2001-11-17T00:30:00.000Z,Hilary Goldstein
Spyro the Dragon: Season of Ice,8.0,/articles/2001/11/17/spyro-the-dragon-season-of-ice,2001-11-17T00:30:00.000Z,Craig Harris
Driven Review,2.0,/articles/2001/11/12/driven-4,2001-11-12T08:00:00.000Z,Ralph Edwards
Driven Review,2.0,/articles/2001/11/12/driven-4,2001-11-12T08:00:00.000Z,Ralph Edwards
Golden Sun Review,9.7,/articles/2001/11/10/golden-sun,2001-11-10T00:30:00.000Z,Craig Harris
Mega Man Battle Network,8.5,/articles/2001/11/10/mega-man-battle-network,2001-11-10T00:30:00.000Z,Craig Harris
Dexter's Laboratory: Deesaster Strikes,6.5,/articles/2001/11/10/dexters-laboratory-deesaster-strikes,2001-11-10T00:30:00.000Z,Hilary Goldstein
Lego Bionicle: Tales of the Tohunga,4.5,/articles/2001/11/07/lego-bionicle-tales-of-the-tohunga,2001-11-07T00:30:00.000Z,Hilary Goldstein
Power Rangers Time Force,6.0,/articles/2001/11/02/power-rangers-time-force,2001-11-02T00:30:00.000Z,Craig Harris
F-14 Tomcat,6.0,/articles/2001/11/02/f-14-tomcat,2001-11-02T00:30:00.000Z,Craig Harris
BackTrack,4.0,/articles/2001/11/02/backtrack,2001-11-02T00:30:00.000Z,Nix
Super Street Fighter II Turbo Revival,8.0,/articles/2001/11/02/super-street-fighter-ii-turbo-revival,2001-11-02T00:30:00.000Z,Craig Harris
Doom GBA Review,8.9,/articles/2001/11/02/doom-2,2001-11-02T00:30:00.000Z,Craig Harris
Gadget Racers,7.0,/articles/2001/11/02/gadget-racers,2001-11-02T00:30:00.000Z,Craig Harris
Boxing Fever,8.5,/articles/2001/10/23/boxing-fever,2001-10-23T23:30:00.000Z,Craig Harris
Tetris Worlds,5.5,/articles/2001/10/12/tetris-worlds-5,2001-10-12T23:30:00.000Z,Craig Harris
Sports Illustrated for Kids: Football,5.0,/articles/2001/10/10/sports-illustrated-for-kids-football,2001-10-10T23:30:00.000Z,Craig Harris
X-Men: Reign of Apocalypse,7.0,/articles/2001/10/04/x-men-reign-of-apocalypse,2001-10-04T23:30:00.000Z,Craig Harris
Final Fight One,8.5,/articles/2001/10/04/final-fight-one,2001-10-04T23:30:00.000Z,Craig Harris
Sports Illustrated for Kids: Baseball,3.5,/articles/2001/10/04/sports-illustrated-for-kids-baseball,2001-10-04T23:30:00.000Z,Craig Harris
Lady Sia,8.0,/articles/2001/10/04/lady-sia,2001-10-04T23:30:00.000Z,Craig Harris
Snood,6.5,/articles/2001/10/04/snood,2001-10-04T23:30:00.000Z,Craig Harris
Spider-Man: Mysterio's Menace,8.5,/articles/2001/09/27/spider-man-mysterios-menace,2001-09-27T23:30:00.000Z,Craig Harris
Men In Black: The Series GBA Review,2.0,/articles/2001/09/27/men-in-black-the-series-gba-review,2001-09-27T23:30:00.000Z,Craig Harris
Tang Tang,5.0,/articles/2001/09/27/tang-tang,2001-09-27T23:30:00.000Z,Craig Harris
High Heat Baseball 2002,4.5,/articles/2001/09/27/high-heat-baseball-2002,2001-09-27T23:30:00.000Z,Craig Harris
Jurassic Park III: Park Builder,7.0,/articles/2001/09/27/jurassic-park-iii-park-builder,2001-09-27T23:30:00.000Z,Craig Harris
Klonoa: Empire of Dreams,9.0,/articles/2001/09/27/klonoa-empire-of-dreams,2001-09-27T23:30:00.000Z,Craig Harris
ESPN X Games Skateboarding,5.5,/articles/2001/09/27/espn-x-games-skateboarding,2001-09-27T23:30:00.000Z,Craig Harris
NFL Blitz 20-02,2.5,/articles/2001/09/24/nfl-blitz-20-02-5,2001-09-24T23:30:00.000Z,Craig Harris
Advance Wars,9.9,/articles/2001/09/10/advance-wars,2001-09-10T23:30:00.000Z,Craig Harris
ESPN Final Round Golf 2002,6.5,/articles/2001/08/31/espn-final-round-golf-2002,2001-08-31T23:30:00.000Z,Craig Harris
Fortress,6.0,/articles/2001/08/20/fortress,2001-08-20T23:30:00.000Z,Craig Harris
Tweety and the Magic Gems,4.5,/articles/2001/07/30/tweety-and-the-magic-gems,2001-07-30T23:30:00.000Z,Craig Harris
Pac-Man Collection,9.0,/articles/2001/07/16/pac-man-collection,2001-07-16T23:30:00.000Z,Craig Harris
Hot Potato,8.0,/articles/2001/07/06/hot-potato,2001-07-06T23:30:00.000Z,Craig Harris
Bomberman Tournament,8.5,/articles/2001/07/06/bomberman-tournament,2001-07-06T23:30:00.000Z,David Zdyrko
Ready 2 Rumble Boxing: Round 2,3.5,/articles/2001/06/14/ready-2-rumble-boxing-round-2-8,2001-06-14T23:30:00.000Z,Craig Harris
Army Men Advance,7.0,/articles/2001/06/14/army-men-advance,2001-06-14T23:30:00.000Z,Craig Harris
Iridion 3D,5.5,/articles/2001/06/14/iridion-3d,2001-06-14T23:30:00.000Z,Craig Harris
Earthworm Jim,7.0,/articles/2001/06/14/earthworm-jim,2001-06-14T23:30:00.000Z,Craig Harris
Pitfall: The Mayan Adventure,5.0,/articles/2001/06/14/pitfall-the-mayan-adventure,2001-06-14T23:30:00.000Z,Craig Harris
GT Advance Championship Racing,8.0,/articles/2001/06/14/gt-advance-championship-racing,2001-06-14T23:30:00.000Z,Craig Harris
Tony Hawk's Pro Skater 2,9.5,/articles/2001/06/14/tony-hawks-pro-skater-2-9,2001-06-14T23:30:00.000Z,Craig Harris
Konami Krazy Racers,8.0,/articles/2001/06/14/konami-krazy-racers,2001-06-14T23:30:00.000Z,Craig Harris
Castlevania: Circle of the Moon,9.0,/articles/2001/06/14/castlevania-circle-of-the-moon,2001-06-14T23:30:00.000Z,Craig Harris
Super Dodge Ball Advance,6.5,/articles/2001/06/14/super-dodge-ball-advance,2001-06-14T23:30:00.000Z,Nix
Pinobee: Wings of Adventure,6.0,/articles/2001/06/14/pinobee-wings-of-adventure,2001-06-14T23:30:00.000Z,Nix
Fire Pro Wrestling,7.5,/articles/2001/06/14/fire-pro-wrestling,2001-06-14T23:30:00.000Z,Nix
Chu Chu Rocket,8.5,/articles/2001/06/14/chu-chu-rocket,2001-06-14T23:30:00.000Z,Anthony Chau
Namco Museum,8.5,/articles/2001/06/14/namco-museum-4,2001-06-14T23:30:00.000Z,Craig Harris
Rayman Advance,9.0,/articles/2001/06/14/rayman-advance,2001-06-14T23:30:00.000Z,Craig Harris
Super Mario Advance,8.0,/articles/2001/06/14/super-mario-advance,2001-06-14T23:30:00.000Z,Nix
Army Men Advance,7.0,/articles/2001/06/14/army-men-advance,2001-06-14T23:30:00.000Z,Craig Harris
